STATION,STATION_NAME,DATE,PRCP,SNWD,SNOW,TMAX,TMIN,AWND,WDF2,WDF5,WSF2,WSF5,PGTM,WT01,WT06,WT05,WT02,WT04,WT08,WT03
GHCND:USW00013743,WASHINGTON REAGAN NATIONAL AIRPORT VA US,20140101,0,0,0,89,-10,21,180,170,58,67,-9999,-9999,-9999,-9999,-9999,-9999,-9999,-9999
GHCND:USW00013743,WASHINGTON REAGAN NATIONAL AIRPORT VA US,20140102,86,0,48,39,6,30,340,330,67,98,-9999,-9999,-9999,-9999,-9999,-9999,-9999,-9999
GHCND:USW00013743,WASHINGTON REAGAN NATIONAL AIRPORT VA US,20140103,0,50,0,6,-77,75,330,330,148,206,-9999,-9999,-9999,-9999,-9999,-9999,-9999,-9999
GHCND:USW00013743,WASHINGTON REAGAN NATIONAL AIRPORT VA US,20140104,0,30,0,11,-82,30,170,210,67,89,-9999,-9999,-9999,-9999,-9999,-9999,-9999,-9999
GHCND:USW00013743,WASHINGTON REAGAN NATIONAL AIRPORT VA US,20140105,28,30,0,56,-5,19,190,190,63,76,-9999,-9999,-9999,-9999,-9999,-9999,-9999,-9999
GHCND:USW00013743,WASHINGTON REAGAN NATIONAL AIRPORT VA US,20140106,33,0,0,94,-116,65,320,300,157,197,-9999,-9999,-9999,-9999,-9999,-9999,-9999,-9999
GHCND:USW00013743,WASHINGTON REAGAN NATIONAL AIRPORT VA US,20140107,0,0,0,-60,-143,50,310,290,107,148,-9999,-9999,-9999,-9999,-9999,-9999,-9999,-9999
GHCND:USW00013743,WASHINGTON REAGAN NATIONAL AIRPORT VA US,20140108,0,0,0,-5,-105,21,350,250,54,58,-9999,-9999,-9999,-9999,-9999,-9999,-9999,-9999
GHCND:USW00013743,WASHINGTON REAGAN NATIONAL AIRPORT VA US,20140109,0,0,0,50,-16,19,50,50,45,58,-9999,-9999,-9999,-9999,-9999,-9999,-9999,-9999
GHCND:USW00013743,WASHINGTON REAGAN NATIONAL AIRPORT VA US,20140110,145,0,0,39,-21,14,10,10,40,40,-9999,-9999,-9999,-9999,-9999,-9999,-9999,-9999
GHCND:USW00013743,WASHINGTON REAGAN NATIONAL AIRPORT VA US,20140111,221,0,0,144,28,27,270,260,107,157,-9999,-9999,-9999,-9999,-9999,-9999,-9999,-9999
GHCND:USW00013743,WASHINGTON REAGAN NATIONAL AIRPORT VA US,20140112,0,0,0,122,22,42,320,300,98,139,-9999,-9999,-9999,-9999,-9999,-9999,-9999,-9999
GHCND:USW00013743,WASHINGTON REAGAN NATIONAL AIRPORT VA US,20140113,0,0,0,161,0,32,200,210,89,112,-9999,-9999,-9999,-9999,-9999,-9999,-9999,-9999
GHCND:USW00013743,WASHINGTON REAGAN NATIONAL AIRPORT VA US,20140114,89,0,0,122,50,34,200,230,89,116,-9999,-9999,-9999,-9999,-9999,-9999,-9999,-9999
GHCND:USW00013743,WASHINGTON REAGAN NATIONAL AIRPORT VA US,20140115,0,0,0,100,39,37,340,340,103,125,-9999,-9999,-9999,-9999,-9999,-9999,-9999,-9999
GHCND:USW00013743,WASHINGTON REAGAN NATIONAL AIRPORT VA US,20140116,0,0,0,56,11,37,340,340,81,103,-9999,-9999,-9999,-9999,-9999,-9999,-9999,-9999
GHCND:USW00013743,WASHINGTON REAGAN NATIONAL AIRPORT VA US,20140117,0,0,0,94,-5,28,200,190,63,76,-9999,-9999,-9999,-9999,-9999,-9999,-9999,-9999
GHCND:USW00013743,WASHINGTON REAGAN NATIONAL AIRPORT VA US,20140118,0,0,0,44,-38,58,320,330,116,157,-9999,-9999,-9999,-9999,-9999,-9999,-9999,-9999
GHCND:USW00013743,WASHINGTON REAGAN NATIONAL AIRPORT VA US,20140119,0,0,0,106,-38,41,250,250,98,125,-9999,-9999,-9999,-9999,-9999,-9999,-9999,-9999
GHCND:USW00013743,WASHINGTON REAGAN NATIONAL AIRPORT VA US,20140120,0,0,0,150,33,38,340,340,94,116,-9999,-9999,-9999,-9999,-9999,-9999,-9999,-9999
GHCND:USW00013743,WASHINGTON REAGAN NATIONAL AIRPORT VA US,20140121,46,0,97,50,-82,67,350,350,130,157,-9999,-9999,-9999,-9999,-9999,-9999,1,-9999
GHCND:USW00013743,WASHINGTON REAGAN NATIONAL AIRPORT VA US,20140122,0,100,0,-71,-127,68,350,350,134,161,-9999,-9999,-9999,-9999,-9999,-9999,1,-9999
GHCND:USW00013743,WASHINGTON REAGAN NATIONAL AIRPORT VA US,20140123,0,80,0,-21,-110,40,300,300,98,139,-9999,-9999,-9999,-9999,-9999,-9999,-9999,-9999
GHCND:USW00013743,WASHINGTON REAGAN NATIONAL AIRPORT VA US,20140124,0,80,0,-43,-116,50,320,190,94,112,-9999,-9999,-9999,-9999,-9999,-9999,-9999,-9999
GHCND:USW00013743,WASHINGTON REAGAN NATIONAL AIRPORT VA US,20140125,0,50,0,17,-55,76,200,210,112,148,-9999,-9999,-9999,-9999,-9999,-9999,-9999,-9999
GHCND:USW00013743,WASHINGTON REAGAN NATIONAL AIRPORT VA US,20140126,0,30,0,17,-71,26,340,300,98,125,-9999,-9999,-9999,-9999,-9999,-9999,-9999,-9999
GHCND:USW00013743,WASHINGTON REAGAN NATIONAL AIRPORT VA US,20140127,0,0,0,122,-49,67,330,340,143,179,-9999,-9999,-9999,-9999,-9999,-9999,-9999,-9999
GHCND:USW00013743,WASHINGTON REAGAN NATIONAL AIRPORT VA US,20140128,0,0,13,-49,-105,48,330,330,112,143,-9999,-9999,-9999,-9999,-9999,-9999,-9999,-9999
GHCND:USW00013743,WASHINGTON REAGAN NATIONAL AIRPORT VA US,20140129,8,30,10,-32,-105,42,310,310,89,116,-9999,-9999,-9999,-9999,-9999,-9999,-9999,-9999
GHCND:USW00013743,WASHINGTON REAGAN NATIONAL AIRPORT VA US,20140130,0,0,0,11,-88,27,180,210,45,63,-9999,-9999,-9999,-9999,-9999,-9999,-9999,-9999
GHCND:USW00013743,WASHINGTON REAGAN NATIONAL AIRPORT VA US,20140131,0,0,0,106,-38,17,180,190,54,58,-9999,-9999,-9999,-9999,-9999,-9999,-9999,-9999
GHCND:USW00013743,WASHINGTON REAGAN NATIONAL AIRPORT VA US,20140201,0,0,0,117,-21,14,170,170,67,76,-9999,-9999,-9999,-9999,-9999,-9999,-9999,-9999
GHCND:USW00013743,WASHINGTON REAGAN NATIONAL AIRPORT VA US,20140202,0,0,0,178,11,16,20,20,67,89,-9999,-9999,-9999,-9999,-9999,-9999,-9999,-9999
GHCND:USW00013743,WASHINGTON REAGAN NATIONAL AIRPORT VA US,20140203,376,0,-9999,100,11,59,340,340,89,107,-9999,-9999,-9999,-9999,-9999,-9999,-9999,-9999
GHCND:USW00013743,WASHINGTON REAGAN NATIONAL AIRPORT VA US,20140204,13,0,0,39,-10,28,50,40,54,63,-9999,-9999,-9999,-9999,-9999,-9999,-9999,-9999
GHCND:USW00013743,WASHINGTON REAGAN NATIONAL AIRPORT VA US,20140205,84,0,0,67,6,46,310,300,134,206,-9999,-9999,-9999,-9999,-9999,-9999,-9999,-9999
GHCND:USW00013743,WASHINGTON REAGAN NATIONAL AIRPORT VA US,20140206,0,0,0,33,-10,49,340,340,112,143,-9999,-9999,-9999,-9999,-9999,-9999,-9999,-9999
GHCND:USW00013743,WASHINGTON REAGAN NATIONAL AIRPORT VA US,20140207,0,0,0,67,-16,30,10,180,58,76,-9999,-9999,-9999,-9999,-9999,-9999,-9999,-9999
GHCND:USW00013743,WASHINGTON REAGAN NATIONAL AIRPORT VA US,20140208,0,0,0,28,-16,19,10,360,58,67,-9999,-9999,-9999,-9999,-9999,-9999,-9999,-9999
GHCND:USW00013743,WASHINGTON REAGAN NATIONAL AIRPORT VA US,20140209,0,0,3,22,-16,20,170,180,63,76,-9999,-9999,-9999,-9999,-9999,-9999,1,-9999
GHCND:USW00013743,WASHINGTON REAGAN NATIONAL AIRPORT VA US,20140210,0,0,0,17,-38,53,360,360,103,125,-9999,-9999,-9999,-9999,-9999,-9999,-9999,-9999
GHCND:USW00013743,WASHINGTON REAGAN NATIONAL AIRPORT VA US,20140211,0,0,0,17,-55,37,10,10,72,89,-9999,-9999,-9999,-9999,-9999,-9999,-9999,-9999
GHCND:USW00013743,WASHINGTON REAGAN NATIONAL AIRPORT VA US,20140212,23,0,28,-5,-71,44,20,20,81,98,-9999,-9999,-9999,-9999,-9999,-9999,-9999,-9999
GHCND:USW00013743,WASHINGTON REAGAN NATIONAL AIRPORT VA US,20140213,409,150,150,39,-27,76,20,30,116,165,-9999,-9999,-9999,-9999,-9999,-9999,-9999,-9999
GHCND:USW00013743,WASHINGTON REAGAN NATIONAL AIRPORT VA US,20140214,0,100,0,111,6,33,290,290,116,183,-9999,-9999,-9999,-9999,-9999,-9999,-9999,-9999
GHCND:USW00013743,WASHINGTON REAGAN NATIONAL AIRPORT VA US,20140215,18,80,0,44,-5,60,320,310,134,179,-9999,-9999,-9999,-9999,-9999,-9999,-9999,-9999
GHCND:USW00013743,WASHINGTON REAGAN NATIONAL AIRPORT VA US,20140216,0,50,0,33,-27,34,310,310,81,116,-9999,-9999,-9999,-9999,-9999,-9999,-9999,-9999
GHCND:USW00013743,WASHINGTON REAGAN NATIONAL AIRPORT VA US,20140217,0,30,0,33,-38,32,330,330,76,98,-9999,-9999,-9999,-9999,-9999,-9999,-9999,-9999
GHCND:USW00013743,WASHINGTON REAGAN NATIONAL AIRPORT VA US,20140218,15,30,8,144,-10,36,210,220,89,107,-9999,-9999,-9999,-9999,-9999,-9999,-9999,-9999
GHCND:USW00013743,WASHINGTON REAGAN NATIONAL AIRPORT VA US,20140219,30,0,0,172,17,39,300,310,103,143,-9999,1,-9999,-9999,-9999,-9999,-9999,-9999
GHCND:USW00013743,WASHINGTON REAGAN NATIONAL AIRPORT VA US,20140220,0,0,0,133,28,17,170,170,76,94,-9999,-9999,-9999,-9999,-9999,-9999,-9999,-9999
GHCND:USW00013743,WASHINGTON REAGAN NATIONAL AIRPORT VA US,20140221,8,0,0,206,44,22,330,330,143,192,-9999,-9999,-9999,-9999,-9999,-9999,1,-9999
GHCND:USW00013743,WASHINGTON REAGAN NATIONAL AIRPORT VA US,20140222,0,0,0,178,11,39,230,240,89,112,-9999,1,-9999,-9999,-9999,-9999,-9999,-9999
GHCND:USW00013743,WASHINGTON REAGAN NATIONAL AIRPORT VA US,20140223,0,0,0,178,78,38,360,350,103,130,-9999,-9999,-9999,-9999,-9999,-9999,-9999,-9999
GHCND:USW00013743,WASHINGTON REAGAN NATIONAL AIRPORT VA US,20140224,0,0,0,89,11,60,320,310,116,157,-9999,-9999,-9999,-9999,-9999,-9999,-9999,-9999
GHCND:USW00013743,WASHINGTON REAGAN NATIONAL AIRPORT VA US,20140225,28,0,71,39,-10,23,340,350,58,72,-9999,1,-9999,-9999,-9999,-9999,-9999,-9999
GHCND:USW00013743,WASHINGTON REAGAN NATIONAL AIRPORT VA US,20140226,18,0,25,33,-27,39,340,340,103,125,-9999,1,-9999,-9999,-9999,-9999,-9999,-9999
GHCND:USW00013743,WASHINGTON REAGAN NATIONAL AIRPORT VA US,20140227,0,0,0,61,-60,72,340,340,148,179,-9999,-9999,-9999,-9999,-9999,-9999,-9999,-9999
GHCND:USW00013743,WASHINGTON REAGAN NATIONAL AIRPORT VA US,20140228,0,0,0,-10,-99,34,360,360,125,143,-9999,-9999,-9999,-9999,-9999,-9999,-9999,-9999
GHCND:USW00013743,WASHINGTON REAGAN NATIONAL AIRPORT VA US,20140301,0,0,0,78,-49,19,220,220,63,81,-9999,-9999,-9999,-9999,-9999,-9999,-9999,-9999
GHCND:USW00013743,WASHINGTON REAGAN NATIONAL AIRPORT VA US,20140302,58,0,0,117,22,28,20,20,81,98,-9999,-9999,-9999,-9999,-9999,-9999,-9999,-9999
GHCND:USW00013743,WASHINGTON REAGAN NATIONAL AIRPORT VA US,20140303,140,30,97,33,-82,67,10,10,125,143,-9999,-9999,-9999,-9999,-9999,-9999,-9999,-9999
GHCND:USW00013743,WASHINGTON REAGAN NATIONAL AIRPORT VA US,20140304,0,100,0,6,-99,21,20,20,67,76,-9999,-9999,-9999,-9999,-9999,-9999,-9999,-9999
GHCND:USW00013743,WASHINGTON REAGAN NATIONAL AIRPORT VA US,20140305,0,50,0,78,-43,29,30,20,89,112,-9999,-9999,-9999,-9999,-9999,-9999,-9999,-9999
GHCND:USW00013743,WASHINGTON REAGAN NATIONAL AIRPORT VA US,20140306,0,0,0,22,-32,52,30,40,94,107,-9999,-9999,-9999,-9999,-9999,-9999,-9999,-9999
GHCND:USW00013743,WASHINGTON REAGAN NATIONAL AIRPORT VA US,20140307,0,0,0,78,-5,57,10,30,89,103,-9999,-9999,-9999,-9999,-9999,-9999,-9999,-9999
GHCND:USW00013743,WASHINGTON REAGAN NATIONAL AIRPORT VA US,20140308,0,0,0,194,0,27,170,250,63,81,-9999,-9999,-9999,-9999,-9999,-9999,-9999,-9999
GHCND:USW00013743,WASHINGTON REAGAN NATIONAL AIRPORT VA US,20140309,0,0,0,111,56,42,340,340,116,134,-9999,-9999,-9999,-9999,-9999,-9999,-9999,-9999
GHCND:USW00013743,WASHINGTON REAGAN NATIONAL AIRPORT VA US,20140310,0,0,0,161,39,40,210,210,103,130,-9999,-9999,-9999,-9999,-9999,-9999,-9999,-9999
GHCND:USW00013743,WASHINGTON REAGAN NATIONAL AIRPORT VA US,20140311,0,0,0,222,67,17,190,180,54,58,-9999,-9999,-9999,-9999,-9999,-9999,-9999,-9999
GHCND:USW00013743,WASHINGTON REAGAN NATIONAL AIRPORT VA US,20140312,10,0,0,206,6,60,290,320,174,233,-9999,-9999,-9999,-9999,-9999,-9999,-9999,-9999
GHCND:USW00013743,WASHINGTON REAGAN NATIONAL AIRPORT VA US,20140313,0,0,0,22,-49,82,320,320,148,197,-9999,-9999,-9999,-9999,-9999,-9999,-9999,-9999
GHCND:USW00013743,WASHINGTON REAGAN NATIONAL AIRPORT VA US,20140314,0,0,0,156,-21,55,200,190,103,134,-9999,-9999,-9999,-9999,-9999,-9999,-9999,-9999
GHCND:USW00013743,WASHINGTON REAGAN NATIONAL AIRPORT VA US,20140315,0,0,0,211,83,48,310,310,103,130,-9999,-9999,-9999,-9999,-9999,-9999,-9999,-9999
GHCND:USW00013743,WASHINGTON REAGAN NATIONAL AIRPORT VA US,20140316,81,0,84,89,-5,47,40,60,94,112,-9999,-9999,-9999,-9999,-9999,-9999,-9999,-9999
GHCND:USW00013743,WASHINGTON REAGAN NATIONAL AIRPORT VA US,20140317,89,180,99,0,-27,54,40,40,94,112,-9999,-9999,-9999,-9999,-9999,-9999,-9999,-9999
GHCND:USW00013743,WASHINGTON REAGAN NATIONAL AIRPORT VA US,20140318,0,150,0,61,-5,44,60,70,81,98,-9999,-9999,-9999,-9999,-9999,-9999,-9999,-9999
GHCND:USW00013743,WASHINGTON REAGAN NATIONAL AIRPORT VA US,20140319,94,0,0,67,17,25,60,-9999,72,-9999,-9999,-9999,-9999,-9999,-9999,-9999,-9999,-9999
GHCND:USW00013743,WASHINGTON REAGAN NATIONAL AIRPORT VA US,20140320,0,0,0,161,61,47,280,280,112,157,-9999,-9999,-9999,-9999,-9999,-9999,-9999,-9999
GHCND:USW00013743,WASHINGTON REAGAN NATIONAL AIRPORT VA US,20140321,0,0,0,139,67,27,30,200,67,112,-9999,-9999,-9999,-9999,-9999,-9999,-9999,-9999
GHCND:USW00013743,WASHINGTON REAGAN NATIONAL AIRPORT VA US,20140322,0,0,0,228,67,40,360,10,81,98,-9999,-9999,-9999,-9999,-9999,-9999,-9999,-9999
GHCND:USW00013743,WASHINGTON REAGAN NATIONAL AIRPORT VA US,20140323,0,0,0,111,11,58,320,310,107,134,-9999,-9999,-9999,-9999,-9999,-9999,-9999,-9999
GHCND:USW00013743,WASHINGTON REAGAN NATIONAL AIRPORT VA US,20140324,0,0,0,61,-32,42,350,320,94,116,-9999,-9999,-9999,-9999,-9999,-9999,-9999,-9999
GHCND:USW00013743,WASHINGTON REAGAN NATIONAL AIRPORT VA US,20140325,74,0,43,22,-5,32,10,340,67,89,-9999,-9999,-9999,-9999,-9999,-9999,-9999,-9999
GHCND:USW00013743,WASHINGTON REAGAN NATIONAL AIRPORT VA US,20140326,0,0,0,39,-10,72,320,340,125,192,-9999,-9999,-9999,-9999,-9999,-9999,1,-9999
GHCND:USW00013743,WASHINGTON REAGAN NATIONAL AIRPORT VA US,20140327,0,0,0,111,-27,37,170,170,76,107,-9999,-9999,-9999,-9999,-9999,-9999,-9999,-9999
GHCND:USW00013743,WASHINGTON REAGAN NATIONAL AIRPORT VA US,20140328,10,0,0,200,78,64,220,210,134,174,-9999,-9999,-9999,-9999,-9999,-9999,-9999,-9999
GHCND:USW00013743,WASHINGTON REAGAN NATIONAL AIRPORT VA US,20140329,259,0,0,172,117,24,60,170,81,98,-9999,1,-9999,-9999,-9999,-9999,-9999,-9999
GHCND:USW00013743,WASHINGTON REAGAN NATIONAL AIRPORT VA US,20140330,267,0,0,122,22,71,330,320,125,161,-9999,-9999,-9999,-9999,-9999,-9999,-9999,-9999
GHCND:USW00013743,WASHINGTON REAGAN NATIONAL AIRPORT VA US,20140331,0,0,0,194,61,64,320,320,130,161,-9999,-9999,-9999,-9999,-9999,-9999,-9999,-9999
GHCND:USW00013743,WASHINGTON REAGAN NATIONAL AIRPORT VA US,20140401,0,0,0,194,67,30,10,170,63,72,-9999,-9999,-9999,-9999,-9999,-9999,-9999,-9999
GHCND:USW00013743,WASHINGTON REAGAN NATIONAL AIRPORT VA US,20140402,0,0,0,206,72,15,40,30,54,63,-9999,-9999,-9999,-9999,-9999,-9999,-9999,-9999
GHCND:USW00013743,WASHINGTON REAGAN NATIONAL AIRPORT VA US,20140403,0,0,0,206,117,23,100,110,67,76,-9999,-9999,-9999,-9999,-9999,-9999,-9999,-9999
GHCND:USW00013743,WASHINGTON REAGAN NATIONAL AIRPORT VA US,20140404,15,0,0,172,100,38,350,350,72,81,-9999,1,-9999,-9999,-9999,-9999,-9999,-9999
GHCND:USW00013743,WASHINGTON REAGAN NATIONAL AIRPORT VA US,20140405,0,0,0,156,78,57,330,340,139,165,-9999,-9999,-9999,-9999,-9999,-9999,-9999,-9999
GHCND:USW00013743,WASHINGTON REAGAN NATIONAL AIRPORT VA US,20140406,0,0,0,172,39,26,340,340,81,103,-9999,-9999,-9999,-9999,-9999,-9999,-9999,-9999
GHCND:USW00013743,WASHINGTON REAGAN NATIONAL AIRPORT VA US,20140407,97,0,0,122,56,30,110,130,81,116,-9999,1,-9999,-9999,-9999,-9999,-9999,-9999
GHCND:USW00013743,WASHINGTON REAGAN NATIONAL AIRPORT VA US,20140408,10,0,0,200,106,39,290,320,103,139,-9999,1,-9999,-9999,-9999,-9999,-9999,-9999
GHCND:USW00013743,WASHINGTON REAGAN NATIONAL AIRPORT VA US,20140409,0,0,0,206,67,42,320,320,103,139,-9999,-9999,-9999,-9999,-9999,-9999,-9999,-9999
GHCND:USW00013743,WASHINGTON REAGAN NATIONAL AIRPORT VA US,20140410,0,0,0,222,72,45,200,220,107,143,-9999,-9999,-9999,-9999,-9999,-9999,-9999,-9999
GHCND:USW00013743,WASHINGTON REAGAN NATIONAL AIRPORT VA US,20140411,0,0,0,278,156,46,340,330,125,143,-9999,-9999,-9999,-9999,-9999,-9999,-9999,-9999
GHCND:USW00013743,WASHINGTON REAGAN NATIONAL AIRPORT VA US,20140412,0,0,0,250,139,31,350,350,67,81,-9999,-9999,-9999,-9999,-9999,-9999,-9999,-9999
GHCND:USW00013743,WASHINGTON REAGAN NATIONAL AIRPORT VA US,20140413,0,0,0,294,128,49,190,210,103,134,-9999,-9999,-9999,-9999,-9999,-9999,-9999,-9999
GHCND:USW00013743,WASHINGTON REAGAN NATIONAL AIRPORT VA US,20140414,15,0,0,267,183,73,200,190,134,161,-9999,-9999,-9999,-9999,-9999,-9999,-9999,-9999
GHCND:USW00013743,WASHINGTON REAGAN NATIONAL AIRPORT VA US,20140415,373,0,0,222,33,68,340,340,130,192,-9999,-9999,-9999,-9999,-9999,-9999,-9999,-9999
GHCND:USW00013743,WASHINGTON REAGAN NATIONAL AIRPORT VA US,20140416,0,0,0,106,11,60,340,350,134,174,-9999,-9999,-9999,-9999,-9999,-9999,-9999,-9999
GHCND:USW00013743,WASHINGTON REAGAN NATIONAL AIRPORT VA US,20140417,0,0,0,133,39,41,120,100,72,98,-9999,-9999,-9999,-9999,-9999,-9999,-9999,-9999
GHCND:USW00013743,WASHINGTON REAGAN NATIONAL AIRPORT VA US,20140418,0,0,0,139,39,17,120,120,54,58,-9999,-9999,-9999,-9999,-9999,-9999,-9999,-9999
GHCND:USW00013743,WASHINGTON REAGAN NATIONAL AIRPORT VA US,20140419,0,0,0,217,83,26,20,20,67,89,-9999,-9999,-9999,-9999,-9999,-9999,-9999,-9999
GHCND:USW00013743,WASHINGTON REAGAN NATIONAL AIRPORT VA US,20140420,0,0,0,178,89,44,70,60,72,94,-9999,-9999,-9999,-9999,-9999,-9999,-9999,-9999
GHCND:USW00013743,WASHINGTON REAGAN NATIONAL AIRPORT VA US,20140421,0,0,0,211,61,21,190,190,40,54,-9999,-9999,-9999,-9999,-9999,-9999,-9999,-9999
GHCND:USW00013743,WASHINGTON REAGAN NATIONAL AIRPORT VA US,20140422,8,0,0,222,111,39,330,320,98,139,-9999,-9999,-9999,-9999,-9999,-9999,-9999,-9999
GHCND:USW00013743,WASHINGTON REAGAN NATIONAL AIRPORT VA US,20140423,0,0,0,161,94,77,330,330,134,183,-9999,-9999,-9999,-9999,-9999,-9999,-9999,-9999
GHCND:USW00013743,WASHINGTON REAGAN NATIONAL AIRPORT VA US,20140424,0,0,0,189,72,35,320,340,89,107,-9999,-9999,-9999,-9999,-9999,-9999,-9999,-9999
GHCND:USW00013743,WASHINGTON REAGAN NATIONAL AIRPORT VA US,20140425,99,0,0,206,89,37,120,120,98,112,-9999,-9999,-9999,-9999,-9999,-9999,-9999,-9999
GHCND:USW00013743,WASHINGTON REAGAN NATIONAL AIRPORT VA US,20140426,5,0,0,256,100,49,260,270,134,174,-9999,1,-9999,-9999,-9999,-9999,-9999,-9999
GHCND:USW00013743,WASHINGTON REAGAN NATIONAL AIRPORT VA US,20140427,0,0,0,211,100,40,360,360,89,103,-9999,-9999,-9999,-9999,-9999,-9999,-9999,-9999
GHCND:USW00013743,WASHINGTON REAGAN NATIONAL AIRPORT VA US,20140428,28,0,0,167,100,29,160,160,72,81,-9999,-9999,-9999,-9999,-9999,-9999,-9999,-9999
GHCND:USW00013743,WASHINGTON REAGAN NATIONAL AIRPORT VA US,20140429,307,0,0,111,67,41,100,100,98,116,-9999,-9999,-9999,-9999,-9999,-9999,-9999,-9999
GHCND:USW00013743,WASHINGTON REAGAN NATIONAL AIRPORT VA US,20140430,686,0,0,194,111,36,290,290,103,130,-9999,-9999,-9999,-9999,-9999,-9999,-9999,-9999
GHCND:USW00013743,WASHINGTON REAGAN NATIONAL AIRPORT VA US,20140501,41,0,0,250,139,33,330,330,103,130,-9999,1,-9999,-9999,-9999,-9999,-9999,-9999
GHCND:USW00013743,WASHINGTON REAGAN NATIONAL AIRPORT VA US,20140502,0,0,0,222,128,38,300,260,89,125,-9999,-9999,-9999,-9999,-9999,-9999,-9999,-9999
GHCND:USW00013743,WASHINGTON REAGAN NATIONAL AIRPORT VA US,20140503,0,0,0,233,139,24,240,250,76,98,-9999,-9999,-9999,-9999,-9999,-9999,-9999,-9999
GHCND:USW00013743,WASHINGTON REAGAN NATIONAL AIRPORT VA US,20140504,0,0,0,272,128,55,300,310,116,165,-9999,-9999,-9999,-9999,-9999,-9999,-9999,-9999
GHCND:USW00013743,WASHINGTON REAGAN NATIONAL AIRPORT VA US,20140505,97,0,0,189,100,41,350,350,89,112,-9999,-9999,-9999,-9999,-9999,-9999,-9999,1
GHCND:USW00013743,WASHINGTON REAGAN NATIONAL AIRPORT VA US,20140506,0,0,0,233,117,17,300,300,63,76,-9999,-9999,-9999,-9999,-9999,-9999,-9999,-9999
GHCND:USW00013743,WASHINGTON REAGAN NATIONAL AIRPORT VA US,20140507,36,0,0,183,128,23,120,130,94,107,-9999,-9999,-9999,-9999,-9999,-9999,-9999,1
GHCND:USW00013743,WASHINGTON REAGAN NATIONAL AIRPORT VA US,20140508,0,0,0,306,150,17,120,120,54,63,-9999,-9999,-9999,-9999,-9999,-9999,-9999,-9999
GHCND:USW00013743,WASHINGTON REAGAN NATIONAL AIRPORT VA US,20140509,0,0,0,244,161,28,220,210,58,72,-9999,-9999,-9999,-9999,-9999,-9999,-9999,-9999
GHCND:USW00013743,WASHINGTON REAGAN NATIONAL AIRPORT VA US,20140510,41,0,0,256,194,35,250,260,103,139,-9999,1,-9999,-9999,-9999,-9999,-9999,-9999
GHCND:USW00013743,WASHINGTON REAGAN NATIONAL AIRPORT VA US,20140511,0,0,0,272,167,25,300,300,67,94,-9999,-9999,-9999,-9999,-9999,-9999,-9999,-9999
GHCND:USW00013743,WASHINGTON REAGAN NATIONAL AIRPORT VA US,20140512,20,0,0,300,172,32,220,210,103,130,-9999,-9999,-9999,-9999,-9999,-9999,-9999,-9999
GHCND:USW00013743,WASHINGTON REAGAN NATIONAL AIRPORT VA US,20140513,0,0,0,333,172,27,90,90,89,103,-9999,-9999,-9999,-9999,-9999,-9999,-9999,-9999
GHCND:USW00013743,WASHINGTON REAGAN NATIONAL AIRPORT VA US,20140514,0,0,0,194,156,31,70,60,63,76,-9999,-9999,-9999,-9999,-9999,-9999,-9999,-9999
GHCND:USW00013743,WASHINGTON REAGAN NATIONAL AIRPORT VA US,20140515,102,0,0,272,189,46,160,170,94,139,-9999,1,-9999,-9999,-9999,-9999,-9999,-9999
GHCND:USW00013743,WASHINGTON REAGAN NATIONAL AIRPORT VA US,20140516,572,0,0,222,128,56,280,270,165,219,-9999,1,-9999,-9999,-9999,-9999,-9999,-9999
GHCND:USW00013743,WASHINGTON REAGAN NATIONAL AIRPORT VA US,20140517,0,0,0,206,111,33,330,300,76,98,-9999,-9999,-9999,-9999,-9999,-9999,-9999,-9999
GHCND:USW00013743,WASHINGTON REAGAN NATIONAL AIRPORT VA US,20140518,0,0,0,206,117,41,350,300,76,94,-9999,-9999,-9999,-9999,-9999,-9999,-9999,-9999
GHCND:USW00013743,WASHINGTON REAGAN NATIONAL AIRPORT VA US,20140519,0,0,0,233,94,22,340,270,72,89,-9999,-9999,-9999,-9999,-9999,-9999,-9999,-9999
GHCND:USW00013743,WASHINGTON REAGAN NATIONAL AIRPORT VA US,20140520,0,0,0,250,133,21,170,170,58,67,-9999,-9999,-9999,-9999,-9999,-9999,-9999,-9999
GHCND:USW00013743,WASHINGTON REAGAN NATIONAL AIRPORT VA US,20140521,41,0,0,267,172,18,20,30,54,63,-9999,-9999,-9999,-9999,-9999,-9999,-9999,-9999
GHCND:USW00013743,WASHINGTON REAGAN NATIONAL AIRPORT VA US,20140522,0,0,0,317,183,38,330,300,72,134,-9999,-9999,-9999,-9999,-9999,-9999,-9999,-9999
GHCND:USW00013743,WASHINGTON REAGAN NATIONAL AIRPORT VA US,20140523,0,0,0,272,161,63,330,340,103,143,-9999,-9999,-9999,-9999,-9999,-9999,-9999,-9999
GHCND:USW00013743,WASHINGTON REAGAN NATIONAL AIRPORT VA US,20140524,0,0,0,256,139,37,320,320,76,98,-9999,-9999,-9999,-9999,-9999,-9999,-9999,-9999
GHCND:USW00013743,WASHINGTON REAGAN NATIONAL AIRPORT VA US,20140525,0,0,0,289,156,23,350,320,63,98,-9999,-9999,-9999,-9999,-9999,-9999,-9999,-9999
GHCND:USW00013743,WASHINGTON REAGAN NATIONAL AIRPORT VA US,20140526,0,0,0,311,178,28,260,230,72,98,-9999,-9999,-9999,-9999,-9999,-9999,-9999,-9999
GHCND:USW00013743,WASHINGTON REAGAN NATIONAL AIRPORT VA US,20140527,231,0,0,333,206,33,330,350,143,192,-9999,-9999,-9999,-9999,-9999,-9999,-9999,-9999
GHCND:USW00013743,WASHINGTON REAGAN NATIONAL AIRPORT VA US,20140528,8,0,0,311,167,37,60,90,94,112,-9999,-9999,-9999,-9999,-9999,-9999,-9999,-9999
GHCND:USW00013743,WASHINGTON REAGAN NATIONAL AIRPORT VA US,20140529,74,0,0,167,144,30,80,80,63,81,-9999,-9999,-9999,-9999,-9999,-9999,-9999,-9999
GHCND:USW00013743,WASHINGTON REAGAN NATIONAL AIRPORT VA US,20140530,0,0,0,244,150,28,340,340,63,81,-9999,1,-9999,-9999,-9999,-9999,-9999,-9999
GHCND:USW00013743,WASHINGTON REAGAN NATIONAL AIRPORT VA US,20140531,0,0,0,272,161,42,10,10,89,116,-9999,-9999,-9999,-9999,-9999,-9999,-9999,-9999
GHCND:USW00013743,WASHINGTON REAGAN NATIONAL AIRPORT VA US,20140601,0,0,0,250,150,29,170,180,63,72,-9999,-9999,-9999,-9999,-9999,-9999,-9999,-9999
GHCND:USW00013743,WASHINGTON REAGAN NATIONAL AIRPORT VA US,20140602,0,0,0,278,144,43,190,110,72,94,-9999,-9999,-9999,-9999,-9999,-9999,-9999,-9999
GHCND:USW00013743,WASHINGTON REAGAN NATIONAL AIRPORT VA US,20140603,3,0,0,300,194,32,300,300,94,116,-9999,-9999,-9999,-9999,-9999,-9999,-9999,-9999
GHCND:USW00013743,WASHINGTON REAGAN NATIONAL AIRPORT VA US,20140604,104,0,0,322,211,22,320,320,94,116,-9999,-9999,-9999,-9999,-9999,-9999,1,-9999
GHCND:USW00013743,WASHINGTON REAGAN NATIONAL AIRPORT VA US,20140605,3,0,0,278,189,49,340,330,98,125,-9999,-9999,-9999,-9999,-9999,-9999,-9999,-9999
GHCND:USW00013743,WASHINGTON REAGAN NATIONAL AIRPORT VA US,20140606,0,0,0,272,167,32,340,350,76,112,-9999,-9999,-9999,-9999,-9999,-9999,-9999,-9999
GHCND:USW00013743,WASHINGTON REAGAN NATIONAL AIRPORT VA US,20140607,0,0,0,300,178,14,120,110,58,63,-9999,-9999,-9999,-9999,-9999,-9999,-9999,-9999
GHCND:USW00013743,WASHINGTON REAGAN NATIONAL AIRPORT VA US,20140608,61,0,0,294,194,36,170,200,76,103,-9999,-9999,-9999,-9999,-9999,-9999,-9999,-9999
GHCND:USW00013743,WASHINGTON REAGAN NATIONAL AIRPORT VA US,20140609,53,0,0,294,211,33,130,180,58,72,-9999,-9999,-9999,-9999,-9999,-9999,1,-9999
GHCND:USW00013743,WASHINGTON REAGAN NATIONAL AIRPORT VA US,20140610,198,0,0,311,233,22,60,50,63,67,-9999,1,-9999,-9999,-9999,-9999,-9999,-9999
GHCND:USW00013743,WASHINGTON REAGAN NATIONAL AIRPORT VA US,20140611,203,0,0,311,222,36,110,130,94,107,-9999,-9999,-9999,-9999,-9999,-9999,-9999,-9999
GHCND:USW00013743,WASHINGTON REAGAN NATIONAL AIRPORT VA US,20140612,23,0,0,267,217,36,120,70,72,94,-9999,1,-9999,-9999,-9999,-9999,-9999,-9999
GHCND:USW00013743,WASHINGTON REAGAN NATIONAL AIRPORT VA US,20140613,56,0,0,283,222,33,310,300,89,107,-9999,-9999,-9999,-9999,-9999,-9999,-9999,-9999
GHCND:USW00013743,WASHINGTON REAGAN NATIONAL AIRPORT VA US,20140614,0,0,0,256,189,58,340,340,103,139,-9999,-9999,-9999,-9999,-9999,-9999,-9999,-9999
GHCND:USW00013743,WASHINGTON REAGAN NATIONAL AIRPORT VA US,20140615,0,0,0,289,156,22,30,280,58,72,-9999,-9999,-9999,-9999,-9999,-9999,-9999,-9999
GHCND:USW00013743,WASHINGTON REAGAN NATIONAL AIRPORT VA US,20140616,0,0,0,322,200,17,220,220,58,67,-9999,-9999,-9999,-9999,-9999,-9999,-9999,-9999
GHCND:USW00013743,WASHINGTON REAGAN NATIONAL AIRPORT VA US,20140617,0,0,0,361,228,30,170,300,72,98,-9999,-9999,-9999,-9999,-9999,-9999,-9999,-9999
GHCND:USW00013743,WASHINGTON REAGAN NATIONAL AIRPORT VA US,20140618,0,0,0,350,250,36,210,220,116,174,-9999,-9999,-9999,-9999,-9999,-9999,-9999,-9999
GHCND:USW00013743,WASHINGTON REAGAN NATIONAL AIRPORT VA US,20140619,0,0,0,306,233,36,20,30,94,107,-9999,-9999,-9999,-9999,-9999,-9999,-9999,1
GHCND:USW00013743,WASHINGTON REAGAN NATIONAL AIRPORT VA US,20140620,0,0,0,306,211,27,340,340,58,89,-9999,-9999,-9999,-9999,-9999,-9999,-9999,-9999
GHCND:USW00013743,WASHINGTON REAGAN NATIONAL AIRPORT VA US,20140621,0,0,0,239,206,30,200,200,67,76,-9999,-9999,-9999,-9999,-9999,-9999,-9999,-9999
GHCND:USW00013743,WASHINGTON REAGAN NATIONAL AIRPORT VA US,20140622,23,0,0,278,200,27,110,120,58,63,-9999,-9999,-9999,-9999,-9999,-9999,-9999,-9999
GHCND:USW00013743,WASHINGTON REAGAN NATIONAL AIRPORT VA US,20140623,0,0,0,294,200,40,170,180,72,89,-9999,-9999,-9999,-9999,-9999,-9999,-9999,-9999
GHCND:USW00013743,WASHINGTON REAGAN NATIONAL AIRPORT VA US,20140624,0,0,0,306,206,46,180,180,72,89,-9999,-9999,-9999,-9999,-9999,-9999,-9999,-9999
GHCND:USW00013743,WASHINGTON REAGAN NATIONAL AIRPORT VA US,20140625,114,0,0,317,239,40,320,280,107,139,-9999,-9999,-9999,-9999,-9999,-9999,-9999,1
GHCND:USW00013743,WASHINGTON REAGAN NATIONAL AIRPORT VA US,20140626,0,0,0,317,233,40,330,350,89,112,-9999,-9999,-9999,-9999,-9999,-9999,-9999,-9999
GHCND:USW00013743,WASHINGTON REAGAN NATIONAL AIRPORT VA US,20140627,0,0,0,311,222,36,80,-9999,63,-9999,-9999,-9999,-9999,-9999,-9999,-9999,-9999,-9999
GHCND:USW00013743,WASHINGTON REAGAN NATIONAL AIRPORT VA US,20140628,0,0,0,306,206,31,170,140,63,89,-9999,-9999,-9999,-9999,-9999,-9999,-9999,-9999
GHCND:USW00013743,WASHINGTON REAGAN NATIONAL AIRPORT VA US,20140629,0,0,0,306,206,33,180,230,63,81,-9999,-9999,-9999,-9999,-9999,-9999,-9999,-9999
GHCND:USW00013743,WASHINGTON REAGAN NATIONAL AIRPORT VA US,20140630,0,0,0,317,222,43,190,160,67,76,-9999,-9999,-9999,-9999,-9999,-9999,-9999,-9999
GHCND:USW00013743,WASHINGTON REAGAN NATIONAL AIRPORT VA US,20140701,0,0,0,339,244,51,170,170,89,103,-9999,-9999,-9999,-9999,-9999,-9999,-9999,-9999
GHCND:USW00013743,WASHINGTON REAGAN NATIONAL AIRPORT VA US,20140702,10,0,0,372,250,41,330,300,98,130,-9999,-9999,-9999,-9999,-9999,-9999,-9999,1
GHCND:USW00013743,WASHINGTON REAGAN NATIONAL AIRPORT VA US,20140703,91,0,0,333,239,31,280,280,134,170,-9999,-9999,-9999,-9999,-9999,-9999,-9999,-9999
GHCND:USW00013743,WASHINGTON REAGAN NATIONAL AIRPORT VA US,20140704,41,0,0,283,200,67,320,320,139,192,-9999,-9999,-9999,-9999,-9999,-9999,-9999,-9999
GHCND:USW00013743,WASHINGTON REAGAN NATIONAL AIRPORT VA US,20140705,0,0,0,300,178,34,10,10,72,94,-9999,-9999,-9999,-9999,-9999,-9999,-9999,-9999
GHCND:USW00013743,WASHINGTON REAGAN NATIONAL AIRPORT VA US,20140706,0,0,0,317,183,40,200,200,89,107,-9999,-9999,-9999,-9999,-9999,-9999,-9999,-9999
GHCND:USW00013743,WASHINGTON REAGAN NATIONAL AIRPORT VA US,20140707,0,0,0,344,233,54,200,210,76,125,-9999,-9999,-9999,-9999,-9999,-9999,-9999,-9999
GHCND:USW00013743,WASHINGTON REAGAN NATIONAL AIRPORT VA US,20140708,193,0,0,356,222,54,290,300,161,210,-9999,-9999,-9999,-9999,-9999,-9999,-9999,1
GHCND:USW00013743,WASHINGTON REAGAN NATIONAL AIRPORT VA US,20140709,5,0,0,317,228,30,220,250,89,112,-9999,-9999,-9999,-9999,-9999,-9999,-9999,1
GHCND:USW00013743,WASHINGTON REAGAN NATIONAL AIRPORT VA US,20140710,333,0,0,306,206,23,320,320,161,219,-9999,-9999,-9999,-9999,-9999,-9999,-9999,-9999
GHCND:USW00013743,WASHINGTON REAGAN NATIONAL AIRPORT VA US,20140711,0,0,0,317,206,20,70,70,40,54,-9999,-9999,-9999,-9999,-9999,-9999,-9999,-9999
GHCND:USW00013743,WASHINGTON REAGAN NATIONAL AIRPORT VA US,20140712,0,0,0,322,228,44,170,200,72,107,-9999,-9999,-9999,-9999,-9999,-9999,-9999,-9999
GHCND:USW00013743,WASHINGTON REAGAN NATIONAL AIRPORT VA US,20140713,13,0,0,344,244,51,340,330,103,125,-9999,-9999,-9999,-9999,-9999,-9999,-9999,1
GHCND:USW00013743,WASHINGTON REAGAN NATIONAL AIRPORT VA US,20140714,41,0,0,339,244,30,300,300,134,192,-9999,-9999,-9999,-9999,-9999,-9999,-9999,1
GHCND:USW00013743,WASHINGTON REAGAN NATIONAL AIRPORT VA US,20140715,434,0,0,317,222,24,340,350,81,103,-9999,-9999,-9999,-9999,-9999,-9999,-9999,1
GHCND:USW00013743,WASHINGTON REAGAN NATIONAL AIRPORT VA US,20140716,0,0,0,278,217,37,340,340,76,103,-9999,-9999,-9999,-9999,-9999,-9999,-9999,-9999
GHCND:USW00013743,WASHINGTON REAGAN NATIONAL AIRPORT VA US,20140717,0,0,0,283,189,29,350,340,63,76,-9999,-9999,-9999,-9999,-9999,-9999,-9999,-9999
GHCND:USW00013743,WASHINGTON REAGAN NATIONAL AIRPORT VA US,20140718,0,0,0,300,200,19,120,120,58,63,-9999,-9999,-9999,-9999,-9999,-9999,-9999,-9999
GHCND:USW00013743,WASHINGTON REAGAN NATIONAL AIRPORT VA US,20140719,0,0,0,289,228,23,120,150,67,103,-9999,-9999,-9999,-9999,-9999,-9999,-9999,-9999
GHCND:USW00013743,WASHINGTON REAGAN NATIONAL AIRPORT VA US,20140720,0,0,0,294,228,20,80,90,45,54,-9999,-9999,-9999,-9999,-9999,-9999,-9999,-9999
GHCND:USW00013743,WASHINGTON REAGAN NATIONAL AIRPORT VA US,20140721,0,0,0,300,228,24,160,160,54,63,-9999,-9999,-9999,-9999,-9999,-9999,-9999,-9999
GHCND:USW00013743,WASHINGTON REAGAN NATIONAL AIRPORT VA US,20140722,0,0,0,311,233,37,180,180,63,76,-9999,-9999,-9999,-9999,-9999,-9999,-9999,-9999
GHCND:USW00013743,WASHINGTON REAGAN NATIONAL AIRPORT VA US,20140723,0,0,0,344,239,37,330,340,81,125,-9999,-9999,-9999,-9999,-9999,-9999,-9999,1
GHCND:USW00013743,WASHINGTON REAGAN NATIONAL AIRPORT VA US,20140724,3,0,0,283,217,38,20,10,67,81,-9999,-9999,-9999,-9999,-9999,-9999,-9999,-9999
GHCND:USW00013743,WASHINGTON REAGAN NATIONAL AIRPORT VA US,20140725,0,0,0,294,183,34,350,330,72,130,-9999,-9999,-9999,-9999,-9999,-9999,-9999,-9999
GHCND:USW00013743,WASHINGTON REAGAN NATIONAL AIRPORT VA US,20140726,0,0,0,311,222,34,180,170,63,76,-9999,-9999,-9999,-9999,-9999,-9999,-9999,-9999
GHCND:USW00013743,WASHINGTON REAGAN NATIONAL AIRPORT VA US,20140727,25,0,0,306,228,43,330,330,112,134,-9999,-9999,-9999,-9999,-9999,-9999,-9999,1
GHCND:USW00013743,WASHINGTON REAGAN NATIONAL AIRPORT VA US,20140728,0,0,0,300,217,60,250,260,112,165,-9999,-9999,-9999,-9999,-9999,-9999,-9999,-9999
GHCND:USW00013743,WASHINGTON REAGAN NATIONAL AIRPORT VA US,20140729,0,0,0,256,183,47,280,270,89,112,-9999,-9999,-9999,-9999,-9999,-9999,-9999,-9999
GHCND:USW00013743,WASHINGTON REAGAN NATIONAL AIRPORT VA US,20140730,0,0,0,267,156,30,170,160,72,94,-9999,-9999,-9999,-9999,-9999,-9999,1,-9999
GHCND:USW00013743,WASHINGTON REAGAN NATIONAL AIRPORT VA US,20140731,0,0,0,317,194,31,210,200,67,94,-9999,-9999,-9999,-9999,-9999,-9999,1,-9999
GHCND:USW00013743,WASHINGTON REAGAN NATIONAL AIRPORT VA US,20140801,28,0,0,267,200,31,160,160,72,89,-9999,-9999,-9999,-9999,-9999,-9999,-9999,-9999
GHCND:USW00013743,WASHINGTON REAGAN NATIONAL AIRPORT VA US,20140802,15,0,0,289,200,27,130,260,45,81,-9999,-9999,-9999,-9999,-9999,-9999,-9999,-9999
GHCND:USW00013743,WASHINGTON REAGAN NATIONAL AIRPORT VA US,20140803,114,0,0,294,211,23,320,330,98,112,-9999,-9999,-9999,-9999,-9999,-9999,-9999,1
GHCND:USW00013743,WASHINGTON REAGAN NATIONAL AIRPORT VA US,20140804,0,0,0,317,206,17,130,340,45,76,-9999,-9999,-9999,-9999,-9999,-9999,-9999,-9999
GHCND:USW00013743,WASHINGTON REAGAN NATIONAL AIRPORT VA US,20140805,97,0,0,333,211,19,10,360,125,143,-9999,-9999,-9999,-9999,-9999,-9999,-9999,-9999
GHCND:USW00013743,WASHINGTON REAGAN NATIONAL AIRPORT VA US,20140806,0,0,0,294,211,28,330,350,63,76,-9999,-9999,-9999,-9999,-9999,-9999,-9999,-9999
GHCND:USW00013743,WASHINGTON REAGAN NATIONAL AIRPORT VA US,20140807,0,0,0,306,217,31,10,20,72,98,-9999,-9999,-9999,-9999,-9999,-9999,1,-9999
GHCND:USW00013743,WASHINGTON REAGAN NATIONAL AIRPORT VA US,20140808,0,0,0,289,206,24,130,160,40,40,-9999,-9999,-9999,-9999,-9999,-9999,-9999,-9999
GHCND:USW00013743,WASHINGTON REAGAN NATIONAL AIRPORT VA US,20140809,0,0,0,306,217,20,130,130,67,67,-9999,-9999,-9999,-9999,-9999,-9999,-9999,-9999
GHCND:USW00013743,WASHINGTON REAGAN NATIONAL AIRPORT VA US,20140810,0,0,0,311,217,22,170,170,58,63,-9999,-9999,-9999,-9999,-9999,-9999,-9999,-9999
GHCND:USW00013743,WASHINGTON REAGAN NATIONAL AIRPORT VA US,20140811,8,0,0,294,211,30,160,150,67,89,-9999,-9999,-9999,-9999,-9999,-9999,-9999,-9999
GHCND:USW00013743,WASHINGTON REAGAN NATIONAL AIRPORT VA US,20140812,406,0,0,256,228,24,160,160,112,143,-9999,-9999,-9999,-9999,-9999,-9999,-9999,1
GHCND:USW00013743,WASHINGTON REAGAN NATIONAL AIRPORT VA US,20140813,0,0,0,300,211,48,320,310,94,130,-9999,-9999,-9999,-9999,-9999,-9999,-9999,-9999
GHCND:USW00013743,WASHINGTON REAGAN NATIONAL AIRPORT VA US,20140814,0,0,0,294,178,32,260,250,89,134,-9999,-9999,-9999,-9999,-9999,-9999,-9999,-9999
GHCND:USW00013743,WASHINGTON REAGAN NATIONAL AIRPORT VA US,20140815,0,0,0,278,167,34,260,260,89,98,-9999,-9999,-9999,-9999,-9999,-9999,-9999,-9999
GHCND:USW00013743,WASHINGTON REAGAN NATIONAL AIRPORT VA US,20140816,0,0,0,294,183,23,230,240,63,76,-9999,-9999,-9999,-9999,-9999,-9999,-9999,-9999
GHCND:USW00013743,WASHINGTON REAGAN NATIONAL AIRPORT VA US,20140817,3,0,0,311,222,34,220,330,72,94,-9999,-9999,-9999,-9999,-9999,-9999,-9999,-9999
GHCND:USW00013743,WASHINGTON REAGAN NATIONAL AIRPORT VA US,20140818,0,0,0,289,222,23,120,120,58,67,-9999,-9999,-9999,-9999,-9999,-9999,-9999,-9999
GHCND:USW00013743,WASHINGTON REAGAN NATIONAL AIRPORT VA US,20140819,0,0,0,300,233,30,90,100,63,72,-9999,-9999,-9999,-9999,-9999,-9999,-9999,-9999
GHCND:USW00013743,WASHINGTON REAGAN NATIONAL AIRPORT VA US,20140820,66,0,0,317,222,25,230,230,72,89,-9999,-9999,-9999,-9999,-9999,-9999,-9999,1
GHCND:USW00013743,WASHINGTON REAGAN NATIONAL AIRPORT VA US,20140821,3,0,0,322,217,14,270,250,54,76,-9999,-9999,-9999,-9999,-9999,-9999,1,-9999
GHCND:USW00013743,WASHINGTON REAGAN NATIONAL AIRPORT VA US,20140822,0,0,0,289,233,25,50,280,58,94,-9999,-9999,-9999,-9999,-9999,-9999,-9999,-9999
GHCND:USW00013743,WASHINGTON REAGAN NATIONAL AIRPORT VA US,20140823,53,0,0,244,217,30,70,70,67,76,-9999,-9999,-9999,-9999,-9999,-9999,-9999,-9999
GHCND:USW00013743,WASHINGTON REAGAN NATIONAL AIRPORT VA US,20140824,0,0,0,278,200,30,60,60,63,72,-9999,-9999,-9999,-9999,-9999,-9999,-9999,-9999
GHCND:USW00013743,WASHINGTON REAGAN NATIONAL AIRPORT VA US,20140825,0,0,0,289,189,25,100,80,63,89,-9999,-9999,-9999,-9999,-9999,-9999,-9999,-9999
GHCND:USW00013743,WASHINGTON REAGAN NATIONAL AIRPORT VA US,20140826,0,0,0,317,194,19,110,110,40,63,-9999,-9999,-9999,-9999,-9999,-9999,-9999,-9999
GHCND:USW00013743,WASHINGTON REAGAN NATIONAL AIRPORT VA US,20140827,0,0,0,317,206,21,170,180,58,67,-9999,1,-9999,-9999,-9999,-9999,-9999,-9999
GHCND:USW00013743,WASHINGTON REAGAN NATIONAL AIRPORT VA US,20140828,0,0,0,300,217,46,330,330,81,103,-9999,-9999,-9999,-9999,-9999,-9999,-9999,-9999
GHCND:USW00013743,WASHINGTON REAGAN NATIONAL AIRPORT VA US,20140829,0,0,0,289,183,24,100,110,63,72,-9999,-9999,-9999,-9999,-9999,-9999,-9999,-9999
GHCND:USW00013743,WASHINGTON REAGAN NATIONAL AIRPORT VA US,20140830,0,0,0,300,211,31,160,180,45,58,-9999,-9999,-9999,-9999,-9999,-9999,-9999,-9999
GHCND:USW00013743,WASHINGTON REAGAN NATIONAL AIRPORT VA US,20140831,69,0,0,356,250,44,310,300,103,130,-9999,-9999,-9999,-9999,-9999,-9999,-9999,1
GHCND:USW00013743,WASHINGTON REAGAN NATIONAL AIRPORT VA US,20140901,5,0,0,350,244,23,320,330,81,125,-9999,-9999,-9999,-9999,-9999,-9999,-9999,1
GHCND:USW00013743,WASHINGTON REAGAN NATIONAL AIRPORT VA US,20140902,20,0,0,350,250,30,320,330,116,148,-9999,-9999,-9999,-9999,-9999,-9999,-9999,1
GHCND:USW00013743,WASHINGTON REAGAN NATIONAL AIRPORT VA US,20140903,0,0,0,317,250,17,120,110,40,45,-9999,-9999,-9999,-9999,-9999,-9999,-9999,-9999
GHCND:USW00013743,WASHINGTON REAGAN NATIONAL AIRPORT VA US,20140904,0,0,0,328,233,26,130,130,63,76,-9999,-9999,-9999,-9999,-9999,-9999,-9999,-9999
GHCND:USW00013743,WASHINGTON REAGAN NATIONAL AIRPORT VA US,20140905,0,0,0,339,244,32,190,180,58,67,-9999,-9999,-9999,-9999,-9999,-9999,-9999,-9999
GHCND:USW00013743,WASHINGTON REAGAN NATIONAL AIRPORT VA US,20140906,25,0,0,350,239,41,340,310,107,143,-9999,-9999,-9999,-9999,-9999,-9999,-9999,1
GHCND:USW00013743,WASHINGTON REAGAN NATIONAL AIRPORT VA US,20140907,0,0,0,289,211,44,20,10,81,107,-9999,-9999,-9999,-9999,-9999,-9999,-9999,-9999
GHCND:USW00013743,WASHINGTON REAGAN NATIONAL AIRPORT VA US,20140908,0,0,0,250,211,46,100,100,94,116,-9999,-9999,-9999,-9999,-9999,-9999,-9999,-9999
GHCND:USW00013743,WASHINGTON REAGAN NATIONAL AIRPORT VA US,20140909,0,0,0,261,211,47,60,60,67,76,-9999,-9999,-9999,-9999,-9999,-9999,-9999,-9999
GHCND:USW00013743,WASHINGTON REAGAN NATIONAL AIRPORT VA US,20140910,0,0,0,283,217,37,180,180,67,89,-9999,-9999,-9999,-9999,-9999,-9999,-9999,-9999
GHCND:USW00013743,WASHINGTON REAGAN NATIONAL AIRPORT VA US,20140911,0,0,0,328,222,48,210,210,89,103,-9999,-9999,-9999,-9999,-9999,-9999,-9999,-9999
GHCND:USW00013743,WASHINGTON REAGAN NATIONAL AIRPORT VA US,20140912,0,0,0,267,194,44,360,360,94,112,-9999,-9999,-9999,-9999,-9999,-9999,-9999,-9999
GHCND:USW00013743,WASHINGTON REAGAN NATIONAL AIRPORT VA US,20140913,58,0,0,228,172,33,340,340,107,134,-9999,-9999,-9999,-9999,-9999,-9999,1,-9999
GHCND:USW00013743,WASHINGTON REAGAN NATIONAL AIRPORT VA US,20140914,0,0,0,233,133,27,20,30,67,98,-9999,-9999,-9999,-9999,-9999,-9999,-9999,-9999
GHCND:USW00013743,WASHINGTON REAGAN NATIONAL AIRPORT VA US,20140915,0,0,0,250,144,25,170,150,67,76,-9999,-9999,-9999,-9999,-9999,-9999,-9999,-9999
GHCND:USW00013743,WASHINGTON REAGAN NATIONAL AIRPORT VA US,20140916,0,0,0,267,172,41,330,320,89,107,-9999,-9999,-9999,-9999,-9999,-9999,-9999,-9999
GHCND:USW00013743,WASHINGTON REAGAN NATIONAL AIRPORT VA US,20140917,0,0,0,261,150,19,120,130,45,58,-9999,-9999,-9999,-9999,-9999,-9999,-9999,-9999
GHCND:USW00013743,WASHINGTON REAGAN NATIONAL AIRPORT VA US,20140918,0,0,0,272,178,20,50,40,76,98,-9999,-9999,-9999,-9999,-9999,-9999,-9999,-9999
GHCND:USW00013743,WASHINGTON REAGAN NATIONAL AIRPORT VA US,20140919,0,0,0,256,161,34,100,120,67,89,-9999,-9999,-9999,-9999,-9999,-9999,-9999,-9999
GHCND:USW00013743,WASHINGTON REAGAN NATIONAL AIRPORT VA US,20140920,0,0,0,289,178,21,160,140,58,72,-9999,-9999,-9999,-9999,-9999,-9999,1,-9999
GHCND:USW00013743,WASHINGTON REAGAN NATIONAL AIRPORT VA US,20140921,0,0,0,300,178,28,320,340,98,130,-9999,-9999,-9999,-9999,-9999,-9999,1,-9999
GHCND:USW00013743,WASHINGTON REAGAN NATIONAL AIRPORT VA US,20140922,0,0,0,244,150,62,330,330,107,143,-9999,-9999,-9999,-9999,-9999,-9999,1,-9999
GHCND:USW00013743,WASHINGTON REAGAN NATIONAL AIRPORT VA US,20140923,0,0,0,239,122,25,330,330,63,76,-9999,-9999,-9999,-9999,-9999,-9999,1,-9999
GHCND:USW00013743,WASHINGTON REAGAN NATIONAL AIRPORT VA US,20140924,10,0,0,228,150,51,60,50,98,116,-9999,-9999,-9999,-9999,-9999,-9999,1,-9999
GHCND:USW00013743,WASHINGTON REAGAN NATIONAL AIRPORT VA US,20140925,163,0,0,206,172,60,10,10,94,112,-9999,1,-9999,-9999,-9999,-9999,1,-9999
GHCND:USW00013743,WASHINGTON REAGAN NATIONAL AIRPORT VA US,20140926,0,0,0,256,156,29,10,360,72,89,-9999,-9999,-9999,-9999,-9999,-9999,-9999,-9999
GHCND:USW00013743,WASHINGTON REAGAN NATIONAL AIRPORT VA US,20140927,0,0,0,294,156,15,120,100,45,58,-9999,-9999,-9999,-9999,-9999,-9999,-9999,-9999
GHCND:USW00013743,WASHINGTON REAGAN NATIONAL AIRPORT VA US,20140928,0,0,0,278,161,15,170,170,54,58,-9999,-9999,-9999,-9999,-9999,-9999,-9999,-9999
GHCND:USW00013743,WASHINGTON REAGAN NATIONAL AIRPORT VA US,20140929,0,0,0,233,183,22,170,170,58,67,-9999,-9999,-9999,-9999,-9999,-9999,-9999,-9999
GHCND:USW00013743,WASHINGTON REAGAN NATIONAL AIRPORT VA US,20140930,0,0,0,261,194,22,320,310,67,89,-9999,1,-9999,-9999,-9999,-9999,1,-9999
GHCND:USW00013743,WASHINGTON REAGAN NATIONAL AIRPORT VA US,20141001,13,0,0,250,189,22,70,50,54,58,-9999,-9999,-9999,-9999,-9999,-9999,-9999,-9999
GHCND:USW00013743,WASHINGTON REAGAN NATIONAL AIRPORT VA US,20141002,0,0,0,256,172,16,100,110,54,63,-9999,1,-9999,-9999,-9999,-9999,1,-9999
GHCND:USW00013743,WASHINGTON REAGAN NATIONAL AIRPORT VA US,20141003,23,0,0,228,178,40,170,160,81,103,-9999,-9999,-9999,-9999,-9999,-9999,1,-9999
GHCND:USW00013743,WASHINGTON REAGAN NATIONAL AIRPORT VA US,20141004,8,0,0,222,100,55,310,320,112,161,-9999,1,-9999,-9999,-9999,-9999,-9999,-9999
GHCND:USW00013743,WASHINGTON REAGAN NATIONAL AIRPORT VA US,20141005,0,0,0,183,67,28,170,260,81,107,-9999,-9999,-9999,-9999,-9999,-9999,-9999,-9999
GHCND:USW00013743,WASHINGTON REAGAN NATIONAL AIRPORT VA US,20141006,0,0,0,250,94,54,170,180,98,143,-9999,-9999,-9999,-9999,-9999,-9999,-9999,-9999
GHCND:USW00013743,WASHINGTON REAGAN NATIONAL AIRPORT VA US,20141007,38,0,0,239,167,48,180,180,103,125,-9999,-9999,-9999,-9999,-9999,-9999,-9999,1
GHCND:USW00013743,WASHINGTON REAGAN NATIONAL AIRPORT VA US,20141008,0,0,0,267,150,41,330,210,94,116,-9999,-9999,-9999,-9999,-9999,-9999,-9999,-9999
GHCND:USW00013743,WASHINGTON REAGAN NATIONAL AIRPORT VA US,20141009,0,0,0,239,133,29,270,200,72,103,-9999,-9999,-9999,-9999,-9999,-9999,-9999,-9999
GHCND:USW00013743,WASHINGTON REAGAN NATIONAL AIRPORT VA US,20141010,20,0,0,189,133,33,10,10,63,72,-9999,-9999,-9999,-9999,-9999,-9999,-9999,-9999
GHCND:USW00013743,WASHINGTON REAGAN NATIONAL AIRPORT VA US,20141011,102,0,0,161,128,37,350,340,72,81,-9999,1,-9999,-9999,-9999,-9999,1,-9999
GHCND:USW00013743,WASHINGTON REAGAN NATIONAL AIRPORT VA US,20141012,0,0,0,183,117,26,30,40,54,67,-9999,-9999,-9999,-9999,-9999,-9999,1,-9999
GHCND:USW00013743,WASHINGTON REAGAN NATIONAL AIRPORT VA US,20141013,25,0,0,200,161,6,350,150,27,36,-9999,1,-9999,-9999,1,-9999,1,-9999
GHCND:USW00013743,WASHINGTON REAGAN NATIONAL AIRPORT VA US,20141014,0,0,0,278,178,48,170,170,116,143,-9999,1,-9999,-9999,1,-9999,-9999,-9999
GHCND:USW00013743,WASHINGTON REAGAN NATIONAL AIRPORT VA US,20141015,366,0,0,267,161,44,240,240,112,148,-9999,1,-9999,-9999,1,-9999,1,1
GHCND:USW00013743,WASHINGTON REAGAN NATIONAL AIRPORT VA US,20141016,5,0,0,200,156,26,190,190,58,67,-9999,1,-9999,-9999,-9999,-9999,1,-9999
GHCND:USW00013743,WASHINGTON REAGAN NATIONAL AIRPORT VA US,20141017,0,0,0,239,133,36,210,210,81,103,-9999,-9999,-9999,-9999,-9999,-9999,-9999,-9999
GHCND:USW00013743,WASHINGTON REAGAN NATIONAL AIRPORT VA US,20141018,0,0,0,233,128,49,320,320,107,143,-9999,-9999,-9999,-9999,-9999,-9999,-9999,-9999
GHCND:USW00013743,WASHINGTON REAGAN NATIONAL AIRPORT VA US,20141019,0,0,0,167,100,53,320,320,125,161,-9999,-9999,-9999,-9999,-9999,-9999,-9999,-9999
GHCND:USW00013743,WASHINGTON REAGAN NATIONAL AIRPORT VA US,20141020,3,0,0,211,72,37,190,200,98,134,-9999,-9999,-9999,-9999,-9999,-9999,-9999,-9999
GHCND:USW00013743,WASHINGTON REAGAN NATIONAL AIRPORT VA US,20141021,58,0,0,228,122,22,310,310,72,94,-9999,1,-9999,-9999,-9999,-9999,-9999,-9999
GHCND:USW00013743,WASHINGTON REAGAN NATIONAL AIRPORT VA US,20141022,218,0,0,144,128,66,320,330,98,130,-9999,-9999,-9999,-9999,-9999,-9999,-9999,-9999
GHCND:USW00013743,WASHINGTON REAGAN NATIONAL AIRPORT VA US,20141023,0,0,0,200,122,70,320,320,125,174,-9999,-9999,-9999,-9999,-9999,-9999,-9999,-9999
GHCND:USW00013743,WASHINGTON REAGAN NATIONAL AIRPORT VA US,20141024,0,0,0,217,128,49,300,310,81,134,-9999,-9999,-9999,-9999,-9999,-9999,-9999,-9999
GHCND:USW00013743,WASHINGTON REAGAN NATIONAL AIRPORT VA US,20141025,0,0,0,233,94,32,250,250,63,98,-9999,-9999,-9999,-9999,-9999,-9999,-9999,-9999
GHCND:USW00013743,WASHINGTON REAGAN NATIONAL AIRPORT VA US,20141026,0,0,0,228,106,46,290,280,107,139,-9999,-9999,-9999,-9999,-9999,-9999,-9999,-9999
GHCND:USW00013743,WASHINGTON REAGAN NATIONAL AIRPORT VA US,20141027,0,0,0,217,78,25,170,170,58,67,-9999,-9999,-9999,-9999,-9999,-9999,-9999,-9999
GHCND:USW00013743,WASHINGTON REAGAN NATIONAL AIRPORT VA US,20141028,0,0,0,267,139,42,200,210,63,81,-9999,-9999,-9999,-9999,-9999,-9999,-9999,-9999
GHCND:USW00013743,WASHINGTON REAGAN NATIONAL AIRPORT VA US,20141029,8,0,0,211,106,22,340,330,107,139,-9999,-9999,-9999,-9999,-9999,-9999,-9999,-9999
GHCND:USW00013743,WASHINGTON REAGAN NATIONAL AIRPORT VA US,20141030,0,0,0,172,94,38,350,320,76,98,-9999,-9999,-9999,-9999,-9999,-9999,-9999,-9999
GHCND:USW00013743,WASHINGTON REAGAN NATIONAL AIRPORT VA US,20141031,0,0,0,150,78,26,20,20,58,67,-9999,-9999,-9999,-9999,-9999,-9999,-9999,-9999
GHCND:USW00013743,WASHINGTON REAGAN NATIONAL AIRPORT VA US,20141101,0,0,0,122,89,78,340,340,148,192,-9999,-9999,-9999,-9999,-9999,-9999,-9999,-9999
GHCND:USW00013743,WASHINGTON REAGAN NATIONAL AIRPORT VA US,20141102,0,0,0,117,72,80,340,330,148,192,-9999,-9999,-9999,-9999,-9999,-9999,-9999,-9999
GHCND:USW00013743,WASHINGTON REAGAN NATIONAL AIRPORT VA US,20141103,0,0,0,189,67,35,320,330,81,112,-9999,-9999,-9999,-9999,-9999,-9999,-9999,-9999
GHCND:USW00013743,WASHINGTON REAGAN NATIONAL AIRPORT VA US,20141104,0,0,0,206,83,22,180,190,58,72,-9999,-9999,-9999,-9999,-9999,-9999,-9999,-9999
GHCND:USW00013743,WASHINGTON REAGAN NATIONAL AIRPORT VA US,20141105,3,0,0,200,122,19,330,330,63,72,-9999,-9999,-9999,-9999,-9999,-9999,-9999,-9999
GHCND:USW00013743,WASHINGTON REAGAN NATIONAL AIRPORT VA US,20141106,130,0,0,183,128,26,340,310,76,98,-9999,1,-9999,-9999,-9999,-9999,1,-9999
GHCND:USW00013743,WASHINGTON REAGAN NATIONAL AIRPORT VA US,20141107,0,0,0,144,61,61,320,310,125,174,-9999,-9999,-9999,-9999,-9999,-9999,-9999,-9999
GHCND:USW00013743,WASHINGTON REAGAN NATIONAL AIRPORT VA US,20141108,0,0,0,122,22,33,180,220,67,103,-9999,-9999,-9999,-9999,-9999,-9999,-9999,-9999
GHCND:USW00013743,WASHINGTON REAGAN NATIONAL AIRPORT VA US,20141109,0,0,0,161,67,13,340,340,67,89,-9999,-9999,-9999,-9999,-9999,-9999,-9999,-9999
GHCND:USW00013743,WASHINGTON REAGAN NATIONAL AIRPORT VA US,20141110,0,0,0,189,56,17,150,210,54,67,-9999,-9999,-9999,-9999,-9999,-9999,-9999,-9999
GHCND:USW00013743,WASHINGTON REAGAN NATIONAL AIRPORT VA US,20141111,0,0,0,217,67,15,200,200,58,63,-9999,1,-9999,-9999,-9999,-9999,-9999,-9999
GHCND:USW00013743,WASHINGTON REAGAN NATIONAL AIRPORT VA US,20141112,0,0,0,200,72,47,330,330,103,130,-9999,1,-9999,-9999,1,-9999,1,-9999
GHCND:USW00013743,WASHINGTON REAGAN NATIONAL AIRPORT VA US,20141113,8,0,0,89,44,44,320,320,67,89,-9999,-9999,-9999,-9999,-9999,-9999,-9999,-9999
GHCND:USW00013743,WASHINGTON REAGAN NATIONAL AIRPORT VA US,20141114,0,0,0,72,17,59,330,330,107,143,-9999,-9999,-9999,-9999,-9999,-9999,-9999,-9999
GHCND:USW00013743,WASHINGTON REAGAN NATIONAL AIRPORT VA US,20141115,0,0,0,83,0,30,330,330,72,98,-9999,-9999,-9999,-9999,-9999,-9999,-9999,-9999
GHCND:USW00013743,WASHINGTON REAGAN NATIONAL AIRPORT VA US,20141116,3,0,0,89,28,31,210,240,67,81,-9999,-9999,-9999,-9999,-9999,-9999,-9999,-9999
GHCND:USW00013743,WASHINGTON REAGAN NATIONAL AIRPORT VA US,20141117,180,0,0,111,56,38,320,330,116,143,-9999,1,-9999,-9999,-9999,-9999,1,-9999
GHCND:USW00013743,WASHINGTON REAGAN NATIONAL AIRPORT VA US,20141118,0,0,0,56,-38,75,290,320,116,179,-9999,-9999,-9999,-9999,-9999,-9999,-9999,-9999
GHCND:USW00013743,WASHINGTON REAGAN NATIONAL AIRPORT VA US,20141119,0,0,0,44,-55,47,200,200,89,125,-9999,-9999,-9999,-9999,-9999,-9999,-9999,-9999
GHCND:USW00013743,WASHINGTON REAGAN NATIONAL AIRPORT VA US,20141120,0,0,0,133,17,56,310,310,94,130,-9999,-9999,-9999,-9999,-9999,-9999,-9999,-9999
GHCND:USW00013743,WASHINGTON REAGAN NATIONAL AIRPORT VA US,20141121,0,0,0,44,-16,48,310,310,112,157,-9999,-9999,-9999,-9999,-9999,-9999,-9999,-9999
GHCND:USW00013743,WASHINGTON REAGAN NATIONAL AIRPORT VA US,20141122,0,0,0,111,-32,38,210,240,89,116,-9999,-9999,-9999,-9999,-9999,-9999,-9999,-9999
GHCND:USW00013743,WASHINGTON REAGAN NATIONAL AIRPORT VA US,20141123,33,0,0,139,33,25,200,200,58,72,-9999,1,-9999,-9999,-9999,-9999,-9999,-9999
GHCND:USW00013743,WASHINGTON REAGAN NATIONAL AIRPORT VA US,20141124,46,0,0,233,133,66,190,180,112,157,-9999,1,-9999,-9999,-9999,-9999,-9999,-9999
GHCND:USW00013743,WASHINGTON REAGAN NATIONAL AIRPORT VA US,20141125,0,0,0,206,94,26,330,340,81,107,-9999,-9999,-9999,-9999,-9999,-9999,-9999,-9999
GHCND:USW00013743,WASHINGTON REAGAN NATIONAL AIRPORT VA US,20141126,269,0,0,106,22,40,40,40,103,125,-9999,1,-9999,-9999,-9999,1,-9999,-9999
GHCND:USW00013743,WASHINGTON REAGAN NATIONAL AIRPORT VA US,20141127,0,0,0,94,33,30,340,330,89,107,-9999,-9999,-9999,-9999,-9999,-9999,-9999,-9999
GHCND:USW00013743,WASHINGTON REAGAN NATIONAL AIRPORT VA US,20141128,0,0,0,56,11,38,310,320,81,107,-9999,-9999,-9999,-9999,-9999,-9999,-9999,-9999
GHCND:USW00013743,WASHINGTON REAGAN NATIONAL AIRPORT VA US,20141129,0,0,0,94,11,31,180,180,63,89,-9999,-9999,-9999,-9999,-9999,-9999,-9999,-9999
GHCND:USW00013743,WASHINGTON REAGAN NATIONAL AIRPORT VA US,20141130,0,0,0,189,56,43,190,190,72,98,-9999,-9999,-9999,-9999,-9999,-9999,-9999,-9999
GHCND:USW00013743,WASHINGTON REAGAN NATIONAL AIRPORT VA US,20141201,61,0,0,211,78,46,320,330,112,161,-9999,-9999,-9999,-9999,-9999,-9999,-9999,-9999
GHCND:USW00013743,WASHINGTON REAGAN NATIONAL AIRPORT VA US,20141202,145,0,0,78,28,37,30,350,72,94,-9999,1,-9999,-9999,-9999,-9999,1,-9999
GHCND:USW00013743,WASHINGTON REAGAN NATIONAL AIRPORT VA US,20141203,13,0,0,128,44,42,320,330,98,116,-9999,1,-9999,-9999,-9999,-9999,-9999,-9999
GHCND:USW00013743,WASHINGTON REAGAN NATIONAL AIRPORT VA US,20141204,0,0,0,83,28,21,330,330,58,67,-9999,-9999,-9999,-9999,-9999,-9999,-9999,-9999
GHCND:USW00013743,WASHINGTON REAGAN NATIONAL AIRPORT VA US,20141205,3,0,0,67,56,18,170,170,36,40,-9999,1,-9999,-9999,-9999,-9999,1,-9999
GHCND:USW00013743,WASHINGTON REAGAN NATIONAL AIRPORT VA US,20141206,122,0,0,117,67,39,360,350,107,134,-9999,1,-9999,-9999,-9999,-9999,1,-9999
GHCND:USW00013743,WASHINGTON REAGAN NATIONAL AIRPORT VA US,20141207,0,0,0,100,28,72,350,10,116,170,-9999,-9999,-9999,-9999,-9999,-9999,-9999,-9999
GHCND:USW00013743,WASHINGTON REAGAN NATIONAL AIRPORT VA US,20141208,0,0,0,33,17,52,30,30,76,94,-9999,-9999,-9999,-9999,-9999,-9999,1,-9999
GHCND:USW00013743,WASHINGTON REAGAN NATIONAL AIRPORT VA US,20141209,84,0,0,83,17,58,330,330,81,107,-9999,1,-9999,-9999,-9999,-9999,-9999,-9999
GHCND:USW00013743,WASHINGTON REAGAN NATIONAL AIRPORT VA US,20141210,0,0,0,106,44,75,320,330,125,192,-9999,-9999,-9999,-9999,-9999,-9999,-9999,-9999
GHCND:USW00013743,WASHINGTON REAGAN NATIONAL AIRPORT VA US,20141211,0,0,0,72,22,51,290,280,103,157,-9999,-9999,-9999,-9999,-9999,-9999,-9999,-9999
GHCND:USW00013743,WASHINGTON REAGAN NATIONAL AIRPORT VA US,20141212,0,0,0,83,22,52,330,320,98,125,-9999,-9999,-9999,-9999,-9999,-9999,-9999,-9999
GHCND:USW00013743,WASHINGTON REAGAN NATIONAL AIRPORT VA US,20141213,0,0,0,94,-5,26,320,310,81,112,-9999,-9999,-9999,-9999,-9999,-9999,-9999,-9999
GHCND:USW00013743,WASHINGTON REAGAN NATIONAL AIRPORT VA US,20141214,0,0,0,139,11,33,320,330,94,116,-9999,-9999,-9999,-9999,-9999,-9999,-9999,-9999
GHCND:USW00013743,WASHINGTON REAGAN NATIONAL AIRPORT VA US,20141215,0,0,0,144,39,17,170,170,40,58,-9999,-9999,-9999,-9999,-9999,-9999,-9999,-9999
GHCND:USW00013743,WASHINGTON REAGAN NATIONAL AIRPORT VA US,20141216,102,0,0,100,39,17,70,190,45,58,-9999,1,-9999,-9999,-9999,-9999,1,-9999
GHCND:USW00013743,WASHINGTON REAGAN NATIONAL AIRPORT VA US,20141217,0,0,0,144,44,47,300,330,103,130,-9999,1,-9999,-9999,-9999,-9999,1,-9999
GHCND:USW00013743,WASHINGTON REAGAN NATIONAL AIRPORT VA US,20141218,0,0,0,61,28,51,290,300,98,130,-9999,-9999,-9999,-9999,-9999,-9999,-9999,-9999
GHCND:USW00013743,WASHINGTON REAGAN NATIONAL AIRPORT VA US,20141219,0,0,0,61,11,48,310,320,81,116,-9999,-9999,-9999,-9999,-9999,-9999,-9999,-9999
GHCND:USW00013743,WASHINGTON REAGAN NATIONAL AIRPORT VA US,20141220,0,0,0,39,-10,21,330,330,45,58,-9999,-9999,-9999,-9999,-9999,-9999,-9999,-9999
GHCND:USW00013743,WASHINGTON REAGAN NATIONAL AIRPORT VA US,20141221,0,0,0,72,11,17,20,10,45,58,-9999,-9999,-9999,-9999,-9999,-9999,-9999,-9999
GHCND:USW00013743,WASHINGTON REAGAN NATIONAL AIRPORT VA US,20141222,61,0,0,44,6,31,350,350,58,67,-9999,1,-9999,-9999,-9999,-9999,1,-9999
GHCND:USW00013743,WASHINGTON REAGAN NATIONAL AIRPORT VA US,20141223,13,0,0,89,39,17,340,330,58,72,-9999,1,-9999,-9999,1,-9999,1,-9999
GHCND:USW00013743,WASHINGTON REAGAN NATIONAL AIRPORT VA US,20141224,224,0,0,150,78,15,220,200,54,67,-9999,1,-9999,-9999,1,-9999,-9999,-9999
GHCND:USW00013743,WASHINGTON REAGAN NATIONAL AIRPORT VA US,20141225,30,0,0,161,78,48,280,270,103,143,-9999,1,-9999,-9999,-9999,-9999,-9999,-9999
GHCND:USW00013743,WASHINGTON REAGAN NATIONAL AIRPORT VA US,20141226,0,0,0,106,22,24,320,320,72,98,-9999,-9999,-9999,-9999,-9999,-9999,-9999,-9999
GHCND:USW00013743,WASHINGTON REAGAN NATIONAL AIRPORT VA US,20141227,0,0,0,156,22,11,190,180,36,54,-9999,-9999,-9999,-9999,-9999,-9999,-9999,-9999
GHCND:USW00013743,WASHINGTON REAGAN NATIONAL AIRPORT VA US,20141228,20,0,0,144,72,23,10,10,58,67,-9999,-9999,-9999,-9999,-9999,-9999,-9999,-9999
GHCND:USW00013743,WASHINGTON REAGAN NATIONAL AIRPORT VA US,20141229,13,0,0,89,61,30,30,30,67,76,-9999,-9999,-9999,-9999,-9999,-9999,-9999,-9999
GHCND:USW00013743,WASHINGTON REAGAN NATIONAL AIRPORT VA US,20141230,0,0,0,72,-5,39,360,360,76,89,-9999,-9999,-9999,-9999,-9999,-9999,-9999,-9999
GHCND:USW00013743,WASHINGTON REAGAN NATIONAL AIRPORT VA US,20141231,0,0,0,39,-16,29,340,280,67,94,-9999,-9999,-9999,-9999,-9999,-9999,-9999,-9999
